,train_auc,test_auc
0,0.5895454545454546,0.53
1,0.9537055335968379,0.858
